name,hours,website,storetype,location,phonenumber,image,mapurl
Abercrombie & Fitch,Monday to Thursday 11AM - 8PM***Friday to Saturday 10AM - 9PM***Sunday 12PM - 6PM,https://www.abercrombie.com/shop/us,Store,Lower Level Dillard's Wing next to Shoe Palace,(512) 329-8323,https://cdn-fsly.yottaa.net/555a305b2bb0ac71b9002d22/4a6e24e07e33013b5e040ead9ecbf798.yottaa.net/v~4b.32f.0.0/tenantlogos/94.png?yocs=D_NA_,
Aerie,Monday to Thursday 10AM - 8PM***Friday to Saturday 10AM - 9PM***Sunday 12PM - 6PM,http://aerie.com/,Store,UpperLevelNordstromWingnextto AmericanEagle,(512)328-0892,https://cdn-fsly.yottaa.net/555a305b2bb0ac71b9002d22/4a6e24e07e33013b5e040ead9ecbf798.yottaa.net/v~4b.32f.0.0/tenantlogos/30516.png?yocs=D_NA_,
Aeropostale,Monday to Thursday 10AM - 8PM***Friday to Saturday 10AM - 9PM***Sunday 12PM - 6PM,http://www.aeropostale.com/,Store,UpperLevelDillard'sWingnear Forever21,(512)330-9117,https://cdn-fsly.yottaa.net/555a305b2bb0ac71b9002d22/4a6e24e07e33013b5e040ead9ecbf798.yottaa.net/v~4b.32f.0.0/tenantlogos/17.png?yocs=D_NA_,
Aldo,Monday to Thursday 10AM - 8PM***Friday to Saturday 10AM - 9PM***Sunday 12PM - 6PM,http://www.aldoshoes.com/,Store,UpperLevelDillard'sWingacross fromVictoria'sSecret,(512)329-6419,https://cdn-fsly.yottaa.net/555a305b2bb0ac71b9002d22/4a6e24e07e33013b5e040ead9ecbf798.yottaa.net/v~4b.32f.0.0/tenantlogos/168.png?yocs=D_NA_,
Altar'd State,Monday to Thursday 11AM - 8PM***Friday to Saturday 10AM - 9PM***Sunday 12PM - 6PM,http://www.altardstate.com/,Store,LowerLevelNordstromWingacross fromLoft,(512)808-5660,https://cdn-fsly.yottaa.net/555a305b2bb0ac71b9002d22/4a6e24e07e33013b5e040ead9ecbf798.yottaa.net/v~4b.32f.0.0/tenantlogos/22458.png?yocs=D_NA_,
AMC14 Theater,Monday to Thursday 12PM - 10PM***Friday 12PM - 12AM***Saturday to Sunday 11AM - 12AM,https://www.amctheatres.com/movie-theatres/austin/amc-barton-creek-square-14,Cinema,BEntrancebyTheCheesecake Factory,(512)306-1991,https://cdn-fsly.yottaa.net/555a305b2bb0ac71b9002d22/4a6e24e07e33013b5e040ead9ecbf798.yottaa.net/v~4b.32f.0.0/tenantlogos/5430.png?yocs=D_NA_,
American Eagle,Monday to Saturday 11AM - 7PM***Sunday 12PM - 6PM,http://www.ae.com/,Store,UpperLevelNordstromWingnear Hollister,(512)328-0892,https://cdn-fsly.yottaa.net/555a305b2bb0ac71b9002d22/4a6e24e07e33013b5e040ead9ecbf798.yottaa.net/v~4b.32f.0.0/tenantlogos/223.png?yocs=D_NA_,
Andino Artisan Gelato,Monday to Thursday 10AM - 8PM***Friday to Saturday 10AM - 9PM***Sunday 12PM - 6PM,,Restaurant,UpperLeveloutsideoftheFood Court,,https://cdn-fsly.yottaa.net/555a305b2bb0ac71b9002d22/4a6e24e07e33013b5e040ead9ecbf798.yottaa.net/v~4b.32f.0.0/tenantlogos/34147.png?yocs=D_NA_,
Anthropologie,Monday to Thursday 10AM - 8PM***Friday to Saturday 10AM - 9PM***Sunday 12PM - 6PM,https://click.linksynergy.com/deeplink?id=4GQRQoBz/cQ&mid=39789&murl=https%3A%2F%2Fwww.anthropologie.com%2F&u1=1234,Store,LowerLevelNordstromWingnext toNordstrom,(737)284-1387,https://cdn-fsly.yottaa.net/555a305b2bb0ac71b9002d22/4a6e24e07e33013b5e040ead9ecbf798.yottaa.net/v~4b.32f.0.0/tenantlogos/27835.png?yocs=D_NA_,
Apple,Monday to Thursday 10AM - 8PM***Friday to Saturday 10AM - 9PM***Sunday 11AM - 6PM,https://www.apple.com/retail/bartoncreek/,Store,Lower Level Dillard's Wing across from Chico's,(512)634-0520,https://cdn-fsly.yottaa.net/555a305b2bb0ac71b9002d22/4a6e24e07e33013b5e040ead9ecbf798.yottaa.net/v~4b.32f.0.0/tenantlogos/279.png?yocs=D_NA_,
ATN Corp: Night Vision and Thermal Imaging Optics,Monday to Thursday 10AM - 8PM***Friday to Saturday 10AM - 9PM***Sunday 12PM - 6PM,https://www.atncorp.com/,Store,Upper Level across from the Food Court,(737)931-1408,https://cdn-fsly.yottaa.net/555a305b2bb0ac71b9002d22/4a6e24e07e33013b5e040ead9ecbf798.yottaa.net/v~4b.32f.0.0/tenantlogos/32134.png?yocs=D_NA_,
Attic Salt,Monday to Thursday 11AM - 8PM***Friday to Saturday 10AM - 8PM***Sunday 12PM - 6PM,https://www.atticsalt.com/,Store,Lower Level Dillard's Wing next to Dillard's Men & Children,(216)245-3757,https://cdn-fsly.yottaa.net/555a305b2bb0ac71b9002d22/4a6e24e07e33013b5e040ead9ecbf798.yottaa.net/v~4b.32f.0.0/tenantlogos/28428.png?yocs=D_NA_,
Auntie Anne's Pretzels,Monday to Thursday 10AM - 8PM***Friday to Saturday 10AM - 9PM***Sunday 12PM - 6PM,http://www.auntieannes.com/,Restaurant,Upper Level across from the Food Court,(512)329-5831,https://cdn-fsly.yottaa.net/555a305b2bb0ac71b9002d22/4a6e24e07e33013b5e040ead9ecbf798.yottaa.net/v~4b.32f.0.0/tenantlogos/377.png?yocs=D_NA_,
Aveda Store,Monday to Saturday 10AM - 8PM***Sunday 12PM - 6PM,https://www.aveda.com/,Store,Upper Level Macy's Court next to The Lego Store,(512) 732-2266,https://cdn-fsly.yottaa.net/555a305b2bb0ac71b9002d22/4a6e24e07e33013b5e040ead9ecbf798.yottaa.net/v~4b.32f.0.0/tenantlogos/387.png?yocs=D_NA_,
Avis Rent A Car,Monday to Friday 8AM - 6PM***Saturday to Sunday 9AM - 1PM,https://www.avis.com/en/locations/us/tx/austin/z1b,Store,Upper Level across from JD Sports,(512)330-0109,https://cdn-fsly.yottaa.net/555a305b2bb0ac71b9002d22/4a6e24e07e33013b5e040ead9ecbf798.yottaa.net/v~4b.32f.0.0/tenantlogos/15378.png?yocs=D_NA_,
Baby Gap,Monday to Thursday 10AM - 8PM***Friday to Saturday 10AM - 9PM***Sunday 12PM - 6PM,https://www.gap.com/browse/category.do?cid=94859&departmentRedirect=true&departmentId=166#pageId=0,Store,Upper Level Nordstrom Wing across from American Eagle,(512)328-5301,https://cdn-fsly.yottaa.net/555a305b2bb0ac71b9002d22/4a6e24e07e33013b5e040ead9ecbf798.yottaa.net/v~4b.32f.0.0/tenantlogos/3.png?yocs=D_NA_,
Banana Republic,Monday to Thursday 11AM - 7PM***Friday to Saturday 10AM - 8PM***Sunday 12PM - 6PM,https://bananarepublic.gap.com/?irgwc=1&clickid=V-D3eyU9FxyKRfT3Ic2cdU6JUkCRKBRt0TdKUU0&ap=6&tid=braff995073&siteID=brafcid383276,Store,Lower Level Dillard's Wing next to Oakley,(512)328-4484,https://cdn-fsly.yottaa.net/555a305b2bb0ac71b9002d22/4a6e24e07e33013b5e040ead9ecbf798.yottaa.net/v~4b.32f.0.0/tenantlogos/450.png?yocs=D_NA_,
Barton Creek Eyecare,Monday to Thursday 11AM - 6PM***Friday to Saturday 10AM - 6PM***Sunday 12PM - 5:15PM,https://www.bartoncreekeyecare.com,Store,Lower Level Dillard's Wing next to Oakley,(512)306-8949,https://cdn-fsly.yottaa.net/555a305b2bb0ac71b9002d22/4a6e24e07e33013b5e040ead9ecbf798.yottaa.net/v~4b.32f.0.0/tenantlogos/450.png?yocs=D_NA_,
Bath & Body Works,Monday to Thursday 10AM - 8PM***Friday to Saturday 10AM - 9PM***Sunday 12PM - 6PM,http://www.bathandbodyworks.com/,Store,Lower Level Nordstrom Wing near J. Crew,(512) 732-2686,https://cdn-fsly.yottaa.net/555a305b2bb0ac71b9002d22/4a6e24e07e33013b5e040ead9ecbf798.yottaa.net/v~4b.32f.0.0/tenantlogos/494.png?yocs=D_NA_,
BoxLunch,Monday to Thursday 10AM - 8PM***Friday to Saturday 10AM - 9PM***Sunday 12PM - 6PM,https://www.boxlunch.com/,Store,Upper Level Dillard's Wing near Victoria's Secret,(737)273-7427,https://cdn-fsly.yottaa.net/555a305b2bb0ac71b9002d22/4a6e24e07e33013b5e040ead9ecbf798.yottaa.net/v~4b.32f.0.0/tenantlogos/26192.png?yocs=D_NA_,
Buckle,Monday to Thursday 10AM - 8PM***Friday to Saturday 10AM - 9PM***Sunday 12PM - 6PM,https://www.buckle.com/,Store,Upper Level Dillard's Wing near Victoria's Secret,(512)306-1855,https://cdn-fsly.yottaa.net/555a305b2bb0ac71b9002d22/4a6e24e07e33013b5e040ead9ecbf798.yottaa.net/v~4b.32f.0.0/tenantlogos/759.png?yocs=D_NA_,
Build-A-BearWorkshop®,Monday to Thursday 10AM - 8PM***Friday to Saturday 10AM - 9PM***Sunday 12PM - 6PM,https://www.buildabear.com/,Store,Upper Level Nordstrom Wing across from Gap,(512)347-0620,https://cdn-fsly.yottaa.net/555a305b2bb0ac71b9002d22/4a6e24e07e33013b5e040ead9ecbf798.yottaa.net/v~4b.32f.0.0/tenantlogos/768.png?yocs=D_NA_,
CellaxsPhoneRepair,Monday to Thursday 10AM - 8PM***Friday to Saturday 10AM - 9PM***Sunday 12PM - 6PM,https://cellaxs.com/locations/cellaxs-phone-repair-in-barton-creek-square-tx/,Store,Upper Level Nordstrom Wing near The Lego Store,(512)503-0980,https://cdn-fsly.yottaa.net/555a305b2bb0ac71b9002d22/4a6e24e07e33013b5e040ead9ecbf798.yottaa.net/v~4b.32f.0.0/tenantlogos/34339.png?yocs=D_NA_,
Champs,Monday to Thursday 10AM - 8PM***Friday to Saturday 10AM - 9PM***Sunday 12PM - 6PM,https://champssports.4xc4ep.net/c/5536174/764042/11069,Store,Lower Level Dillard's Wing near Hallmark,(512)329-0820,https://cdn-fsly.yottaa.net/555a305b2bb0ac71b9002d22/4a6e24e07e33013b5e040ead9ecbf798.yottaa.net/v~4b.32f.0.0/tenantlogos/1021.png?yocs=D_NA_,
Charleys Philly Steaks,Monday to Thursday 10AM - 8PM***Friday to Saturday 10AM - 9PM***Sunday 12PM - 6PM,http://www.charleys.com/,Restaurant,Upper Level Food Court next to Chick-fil-A,(512)514-0070,https://cdn-fsly.yottaa.net/555a305b2bb0ac71b9002d22/4a6e24e07e33013b5e040ead9ecbf798.yottaa.net/v~4b.32f.0.0/tenantlogos/1035.png?yocs=D_NA_,
Chick-fil-A,Monday to Saturday 11AM - 8PM***Sunday Closed,http://www.chick-fil-a.com/,Restaurant,Upper Level Food Court near Marble Slab Creamery,(512)523-6463,https://cdn-fsly.yottaa.net/555a305b2bb0ac71b9002d22/4a6e24e07e33013b5e040ead9ecbf798.yottaa.net/v~4b.32f.0.0/tenantlogos/1073.png?yocs=D_NA_,
Chico's,Monday to Thursday 11AM - 7PM***Friday to Saturday 10AM - 8PM***Sunday 12PM - 6PM,https://chicos.pxf.io/c/5536174/1388744/16588,Store,Lower Level Dillard's Wing near Banana Republic,(512)327-8907,https://cdn-fsly.yottaa.net/555a305b2bb0ac71b9002d22/4a6e24e07e33013b5e040ead9ecbf798.yottaa.net/v~4b.32f.0.0/tenantlogos/1074.png?yocs=D_NA_,
Claire's,Monday to Thursday 10AM - 8PM***Friday to Saturday 10AM - 9PM***Sunday 12PM - 6PM,http://www.claires.com/us/,Store,Lower Level near The Cheesecake Factory and AMC Theater,(512)329-9064,https://cdn-fsly.yottaa.net/555a305b2bb0ac71b9002d22/4a6e24e07e33013b5e040ead9ecbf798.yottaa.net/v~4b.32f.0.0/tenantlogos/6845.png?yocs=D_NA_,
Coach,Monday to Thursday 10AM - 8PM***Friday to Saturday 10AM - 9PM***Sunday 12PM - 6PM,http://www.coach.com/,Store,Lower Level Nordstrom Wing near Bath & Body Works,(512)330-9929,https://cdn-fsly.yottaa.net/555a305b2bb0ac71b9002d22/4a6e24e07e33013b5e040ead9ecbf798.yottaa.net/v~4b.32f.0.0/tenantlogos/1200.png?yocs=D_NA_,
Cotton On / Cotton On Kids,Monday to Thursday 10AM - 8PM***Friday to Saturday 10AM - 9PM***Sunday 12PM - 6PM,http://www.cottonon.com/,Store,Upper Level Dillard's Wing next to Knockout Wear,(512)306-7394,https://cdn-fsly.yottaa.net/555a305b2bb0ac71b9002d22/4a6e24e07e33013b5e040ead9ecbf798.yottaa.net/v~4b.32f.0.0/tenantlogos/20050.png?yocs=D_NA_,
Crystals & More,Monday to Thursday 10AM - 8PM***Friday to Saturday 10AM - 9PM***Sunday 12PM - 6PM,,Store,Upper Level Nordstrom Wing near Build-A-Bear Workshop,(737)235-2933,https://cdn-fsly.yottaa.net/555a305b2bb0ac71b9002d22/4a6e24e07e33013b5e040ead9ecbf798.yottaa.net/v~4b.32f.0.0/tenantlogos/34627.png?yocs=D_NA_,
Cuadra,Monday to Thursday 10AM - 8PM***Friday to Saturday 10AM - 9PM***Sunday 12PM - 6PM,https://cuadrashop.com/,Store,Lower Level Nordstrom Wing next to Altar'd State,(737)203-9096,https://cdn-fsly.yottaa.net/555a305b2bb0ac71b9002d22/4a6e24e07e33013b5e040ead9ecbf798.yottaa.net/v~4b.32f.0.0/tenantlogos/27977.png?yocs=D_NA_,
Dallas Cowboys Pro Shop,Monday to Thursday 10AM - 8PM***Friday to Saturday 10AM - 9PM***Sunday 12PM - 6PM,http://shop.dallascowboys.com/,Store,Upper Level Nordstrom Wing near Sola Salons,(972) 785-4519,https://cdn-fsly.yottaa.net/555a305b2bb0ac71b9002d22/4a6e24e07e33013b5e040ead9ecbf798.yottaa.net/v~4b.32f.0.0/tenantlogos/1460.png?yocs=D_NA_,
Dillard's Men and Children,Monday to Saturday 11AM - 8PM***Sunday 12PM - 6PM,http://www.dillards.com/sec/storehomepageservlet?storenumber=0733,Store,Anchor,(512)327-6100,https://cdn-fsly.yottaa.net/555a305b2bb0ac71b9002d22/4a6e24e07e33013b5e040ead9ecbf798.yottaa.net/v~4b.32f.0.0/tenantlogos/1584.png?yocs=D_NA_,
Dillard's Women & Home,Monday to Saturday 11AM - 8PM***Sunday 12AM - 6PM,http://www.dillards.com/sec/storehomepageservlet?storenumber=0733,Store,Anchor,(512)327-6100,https://cdn-fsly.yottaa.net/555a305b2bb0ac71b9002d22/4a6e24e07e33013b5e040ead9ecbf798.yottaa.net/v~4b.32f.0.0/tenantlogos/1584.png?yocs=D_NA_,
Disney Junior Play Zone,Monday to Thursday 10AM - 8PM***Friday to Saturday 10AM - 9PM***Sunday 12PM - 6PM,,Entertainment,Lower Level Dillard's Wing in front of JCPenney and Shoe Palace,,https://cdn-fsly.yottaa.net/555a305b2bb0ac71b9002d22/4a6e24e07e33013b5e040ead9ecbf798.yottaa.net/v~4b.32f.0.0/tenantlogos/28784.png?yocs=D_NA_,
Earthbound Trading Company,Monday to Thursday 10AM - 8PM***Friday to Saturday 10AM - 9PM***Sunday 12PM - 6PM,http://www.earthboundtrading.com/,Store,Lower Level Nordstrom Wing near Anthropologie,(737)236-4982,https://cdn-fsly.yottaa.net/555a305b2bb0ac71b9002d22/4a6e24e07e33013b5e040ead9ecbf798.yottaa.net/v~4b.32f.0.0/tenantlogos/1693.png?yocs=D_NA_,
El Palaciode La Quinceañera,Monday to Thursday 10AM - 8PM***Friday to Saturday 10AM - 9PM***Sunday 12PM - 6PM,,Store,Lower Level near Old Navy,,https://cdn-fsly.yottaa.net/555a305b2bb0ac71b9002d22/4a6e24e07e33013b5e040ead9ecbf798.yottaa.net/v~4b.32f.0.0/tenantlogos/36040.png?yocs=D_NA_,
Empire Jewelers,Monday to Thursday 10AM - 8PM***Friday to Saturday 10AM - 9PM***Sunday 12PM - 6PM,https://empirejewelersofficial.com/,Store,Lower Level near Journeys,,https://cdn-fsly.yottaa.net/555a305b2bb0ac71b9002d22/4a6e24e07e33013b5e040ead9ecbf798.yottaa.net/v~4b.32f.0.0/tenantlogos/35426.png?yocs=D_NA_,
Express,Monday to Saturday 11AM - 7PM***Sunday 12PM - 6PM,https://www.express.com/,Store,Upper Level Dillard's Wing across from Forever 21,(512) 328-0662,https://cdn-fsly.yottaa.net/555a305b2bb0ac71b9002d22/4a6e24e07e33013b5e040ead9ecbf798.yottaa.net/v~4b.32f.0.0/tenantlogos/1846.png?yocs=D_NA_,
Fabletics,Monday to Thursday 10AM - 8PM***Friday to Saturday 10AM - 9PM***Sunday 12PM - 6PM,http://www.fabletics.com/,Store,Lower Level Nordstrom Wing next to J.Crew,(512) 710-1611,https://cdn-fsly.yottaa.net/555a305b2bb0ac71b9002d22/4a6e24e07e33013b5e040ead9ecbf798.yottaa.net/v~4b.32f.0.0/tenantlogos/26932.png?yocs=D_NA_,
Fan Outfitters,Monday to Thursday 10AM - 8PM***Friday to Saturday 10AM - 9PM***Sunday 12PM - 6PM,,Store,Lower Level Dillard's Wing near Hallmark,,https://cdn-fsly.yottaa.net/555a305b2bb0ac71b9002d22/4a6e24e07e33013b5e040ead9ecbf798.yottaa.net/v~4b.32f.0.0/tenantlogos/35642.png?yocs=D_NA_,
Fast Fix Jewelry & Watch Repairs,Monday to Saturday 11AM - 6PM***Sunday 12PM - 6PM,https://www.fastfix.com,Store,Upper Level Macy's Court near Macy's,(512)328-0864,https://cdn-fsly.yottaa.net/555a305b2bb0ac71b9002d22/4a6e24e07e33013b5e040ead9ecbf798.yottaa.net/v~4b.32f.0.0/tenantlogos/1928.png?yocs=D_NA_,
Food Court ,Monday to Thursday 10AM - 8PM***Friday to Saturday 10AM - 9PM***Sunday 12PM - 6PM,https://www.simon.com/mall/barton-creek-square/stores?type=stores&id=2,Restaurant,Upper Level near JCPenney,,https://cdn-fsly.yottaa.net/555a305b2bb0ac71b9002d22/4a6e24e07e33013b5e040ead9ecbf798.yottaa.net/v~4b.32f.0.0/tenantlogos/29829.png?yocs=D_NA_,
Foot Locker,***Monday to Thursday 10AM - 8PM***Friday to Saturday 10AM - 9PM***Sunday 12PM - 6PM******,https://footlocker.8s4u9r.net/c/5536174/764040/11068,Store,Lower Level next to Zumiez,(512)327-1253,https://cdn-fsly.yottaa.net/555a305b2bb0ac71b9002d22/4a6e24e07e33013b5e040ead9ecbf798.yottaa.net/v~4b.32f.0.0/tenantlogos/2000.png?yocs=D_NA_,
Forever21,Monday to Thursday 10AM - 8PM***Friday to Saturday 10AM - 9PM***Sunday 12PM - 6PM,https://www.forever21.com/,Store,Upper Level Dillard's Wing next to Dillard's Women & Home,(512)814-4302 ,https://cdn-fsly.yottaa.net/555a305b2bb0ac71b9002d22/4a6e24e07e33013b5e040ead9ecbf798.yottaa.net/v~4b.32f.0.0/tenantlogos/2007.png?yocs=D_NA_,
FOSSIL ,Monday to Thursday 10AM - 8PM***Friday to Saturday 10AM - 9PM***Sunday 12PM - 6PM,https://www.tkqlhce.com/click-101198360-13350936,Store,Lower Level Dillard's Wing next to Apple,(512)643-8383 ,https://cdn-fsly.yottaa.net/555a305b2bb0ac71b9002d22/4a6e24e07e33013b5e040ead9ecbf798.yottaa.net/v~4b.32f.0.0/tenantlogos/2019.png?yocs=D_NA_,
Four Brothers,Monday to Tuesday Closed***Wednesday to Thursday 12PM - 7PM***Friday to Saturday 12PM - 8PM***Sunday 12PM - 6PM,https://www.fourbrothersatx.com/,Restaurant,Upper Level Food Court next to Sarku Japan,(512)554-5650,https://cdn-fsly.yottaa.net/555a305b2bb0ac71b9002d22/4a6e24e07e33013b5e040ead9ecbf798.yottaa.net/v~4b.32f.0.0/tenantlogos/31038.png?yocs=D_NA_,
Francesca's Collections,Monday to Thursday 10AM - 8PM***Friday to Saturday 10AM - 9PM***Sunday 12PM - 6PM,https://www.francescas.com/,Store,Upper Level Dillard's Wing next to The Body Shop,(512)808-5040 ,https://cdn-fsly.yottaa.net/555a305b2bb0ac71b9002d22/4a6e24e07e33013b5e040ead9ecbf798.yottaa.net/v~4b.32f.0.0/tenantlogos/9182.png?yocs=D_NA_,
GameStop,Monday to Thursday 10AM - 8PM***Friday to Saturday 10AM - 9PM***Sunday 12PM - 6PM,https://www.gamestop.com/,Store,Lower Level across from The Cheesecake Factory,(512)329-5851,https://cdn-fsly.yottaa.net/555a305b2bb0ac71b9002d22/4a6e24e07e33013b5e040ead9ecbf798.yottaa.net/v~4b.32f.0.0/tenantlogos/5588.png?yocs=D_NA_,
Gap,Monday to Thursday 10AM - 8PM***Friday to Saturday 10AM - 9PM***Sunday 12PM - 6PM***,https://gap.igs4ds.net/c/5536174/383244/5553,Store,Upper Level Nordstrom Wing across from American Eagle,(512) 327-8112,https://cdn-fsly.yottaa.net/555a305b2bb0ac71b9002d22/4a6e24e07e33013b5e040ead9ecbf798.yottaa.net/v~4b.32f.0.0/tenantlogos/2.png?yocs=D_NA_,
GapKids,Monday to Thursday 10AM - 8PM***Friday to Saturday 10AM - 9PM***Sunday 12PM - 6PM,https://www.gap.com/products/gap-kids.jsp,Store,Upper Level Nordstrom Wing across from American Eagle,(512) 327-8112,https://cdn-fsly.yottaa.net/555a305b2bb0ac71b9002d22/4a6e24e07e33013b5e040ead9ecbf798.yottaa.net/v~4b.32f.0.0/tenantlogos/4.png?yocs=D_NA_,
Garage,Monday to Thursday 10AM - 8PM***Friday to Saturday 10AM - 9PM***Sunday 12PM - 6PM,http://www.shopgarageonline.com/home/index.jsp,Store,Upper Level near the Food Court,(512) 732-2541,https://cdn-fsly.yottaa.net/555a305b2bb0ac71b9002d22/4a6e24e07e33013b5e040ead9ecbf798.yottaa.net/v~4b.32f.0.0/tenantlogos/21026.png?yocs=D_NA_,
Green Biotics,Monday to Thursday 10AM - 8PM***Friday to Saturday 10AM - 9PM***Sunday 12PM - 6PM,https://green-biotics.com/,Store,Upper Level Dillard's Wing next to Cotton On/Cotton On Kids,(614) 592-9909,https://cdn-fsly.yottaa.net/555a305b2bb0ac71b9002d22/4a6e24e07e33013b5e040ead9ecbf798.yottaa.net/v~4b.32f.0.0/tenantlogos/28762.png?yocs=D_NA_,
Hallmark,Monday to Thursday 11AM - 7PM***Friday to Saturday 11AM - 8PM***Sunday 12PM - 6PM,http://www.hallmark.com/,Store,Lower Level Dillard's Wing next to Dillard's Women & Home,(512) 327-7643,https://cdn-fsly.yottaa.net/555a305b2bb0ac71b9002d22/4a6e24e07e33013b5e040ead9ecbf798.yottaa.net/v~4b.32f.0.0/tenantlogos/2416.png?yocs=D_NA_,
Helzberg Diamonds,Monday to Thursday 11AM - 6PM***Friday to Saturday 11AM - 8PM***Sunday 12PM - 6PM,https://www.helzberg.com/,Store,Upper Level Macy's Court near Victoria's Secret,(512) 327-6921,https://cdn-fsly.yottaa.net/555a305b2bb0ac71b9002d22/o~/v~4b.32f.0.0/https://assets.simon.com/tenantlogos/2485.png,
HollisterCo,Monday to Thursday 10AM - 8PM***Friday to Saturday 10AM - 9PM***Sunday 12PM - 6PM,http://www.hollisterco.com/,Store,Upper Level Nordstrom Wing across from Gap,(512) 306-1172,https://cdn-fsly.yottaa.net/555a305b2bb0ac71b9002d22/4a6e24e07e33013b5e040ead9ecbf798.yottaa.net/v~4b.32f.0.0/tenantlogos/2522.png?yocs=D_NA_,
Hot Topic,Monday to Thursday 10AM - 8PM***Friday to Saturday 10AM - 9PM***Sunday 12PM - 6PM,https://www.hottopic.com/,Store,Upper Level next to Auntie Anne's,(512) 328-1106,https://cdn-fsly.yottaa.net/555a305b2bb0ac71b9002d22/4a6e24e07e33013b5e040ead9ecbf798.yottaa.net/v~4b.32f.0.0/tenantlogos/2567.png?yocs=D_NA_,
Icing,Monday to Sunday 12PM - 6PM,http://www.icing.com/us/,Store,Upper Level across from the Food Court,(512) 327-3141,https://cdn-fsly.yottaa.net/555a305b2bb0ac71b9002d22/4a6e24e07e33013b5e040ead9ecbf798.yottaa.net/v~4b.32f.0.0/tenantlogos/13191.png?yocs=D_NA_,
Impossible Kicks,Monday to Thursday 10AM - 8PM***Friday to Saturday 10AM - 9PM***Sunday 12PM - 6PM,https://impossiblekicks.com/,Store,Lower Level near Tillys,(517) 930-2980,https://cdn-fsly.yottaa.net/555a305b2bb0ac71b9002d22/4a6e24e07e33013b5e040ead9ecbf798.yottaa.net/v~4b.32f.0.0/tenantlogos/34093.png?yocs=D_NA_,
J. Jill ,Monday to Saturday 10AM - 8PM***Sunday 12PM - 6PM,http://www.jjill.com/,Store,Lower Level Nordstrom Wing across from Anthropologie,(512) 330-1600,https://cdn-fsly.yottaa.net/555a305b2bb0ac71b9002d22/4a6e24e07e33013b5e040ead9ecbf798.yottaa.net/v~4b.32f.0.0/tenantlogos/2729.png?yocs=D_NA_,
J.Crew,Monday to Thursday 11AM - 8PM***Friday to Saturday 11AM - 9PM***Sunday 12PM - 6PM,https://www.jdoqocy.com/click-101198360-157348177,Store,Lower Level Nordstrom Wing near Bath & Body Works,(512) 329-6447,https://cdn-fsly.yottaa.net/555a305b2bb0ac71b9002d22/4a6e24e07e33013b5e040ead9ecbf798.yottaa.net/v~4b.32f.0.0/tenantlogos/2727.png?yocs=D_NA_,
James Avery Artisan Jewelry,Monday to Thursday 10AM - 8PM***Friday to Saturday 10AM - 9PM***Sunday 12PM - 6PM,http://www.jamesavery.com/,Store,Lower Level Nordstrom Wing next to J.Jill,(512) 327-6342,https://cdn-fsly.yottaa.net/555a305b2bb0ac71b9002d22/4a6e24e07e33013b5e040ead9ecbf798.yottaa.net/v~4b.32f.0.0/tenantlogos/2748.png?yocs=D_NA_,
Janie and Jack,Monday to Wednesday 11AM - 6PM***Thursday to Saturday 10AM - 7PM***Sunday 12PM - 6PM,https://imp.i350665.net/c/5536174/843759/11793,Store,Upper Level Dillard's Wing next to Dillard's Men & Children,(512)306-1773,https://cdn-fsly.yottaa.net/555a305b2bb0ac71b9002d22/4a6e24e07e33013b5e040ead9ecbf798.yottaa.net/v~4b.32f.0.0/tenantlogos/7030.png?yocs=D_NA_,
JCPenney,Monday to Friday 11AM - 8PM***Saturday 10AM - 9PM***Sunday 11AM - 7PM,https://www.jcpenney.com/,Store,Anchor,(512)327-6300 ,https://cdn-fsly.yottaa.net/555a305b2bb0ac71b9002d22/4a6e24e07e33013b5e040ead9ecbf798.yottaa.net/v~4b.32f.0.0/tenantlogos/2774.png?yocs=D_NA_,
JCPenney Portraits,Monday to Friday 11AM - 8PM***Saturday 10AM - 9PM***Sunday 11AM - 7PM,http://www.jcpportraits.com/,Store,Anchor,(512)329-8280,https://cdn-fsly.yottaa.net/555a305b2bb0ac71b9002d22/4a6e24e07e33013b5e040ead9ecbf798.yottaa.net/v~4b.32f.0.0/tenantlogos/2778.png?yocs=D_NA_,
JD Sports,Monday to Thursday 10AM - 8PM***Friday to Saturday 10AM - 9PM***Sunday 12PM - 6PM,https://click.linksynergy.com/deeplink?id=4GQRQoBz/cQ&mid=43953&murl=https%3A%2F%2Fwww.jdsports.com%2F,Store,Upper Level near the Food Court,(512)328-5325,https://cdn-fsly.yottaa.net/555a305b2bb0ac71b9002d22/4a6e24e07e33013b5e040ead9ecbf798.yottaa.net/v~4b.32f.0.0/tenantlogos/29553.png?yocs=D_NA_,
Journeys,Monday to Thursday 10AM - 8PM***Friday to Saturday 10AM - 9PM***Sunday 12PM - 6PM,https://www.anrdoezrs.net/click-101198361-15735284,Store,Lower Level next to Spencer's,(512)327-7164,https://cdn-fsly.yottaa.net/555a305b2bb0ac71b9002d22/4a6e24e07e33013b5e040ead9ecbf798.yottaa.net/v~4b.32f.0.0/tenantlogos/2853.png?yocs=D_NA_,
Journeys Kidz,Monday to Thursday 10AM - 8PM***Friday to Saturday 10AM - 9PM***Sunday 12PM - 6PM,https://www.anrdoezrs.net/click-101198361-15735284,Store,Upper Level Nordstrom Wing next to American Eagle,(512)961-5832 ,https://cdn-fsly.yottaa.net/555a305b2bb0ac71b9002d22/4a6e24e07e33013b5e040ead9ecbf798.yottaa.net/v~4b.32f.0.0/tenantlogos/2854.png?yocs=D_NA_,
Kay Jewelers,Monday to Thursday 10AM - 8PM***Friday to Saturday 10AM - 9PM***Sunday 12PM - 6PM,https://www.kay.com/,Store,Upper Level Macy's Court next to ALDO,(512)327-2405,https://cdn-fsly.yottaa.net/555a305b2bb0ac71b9002d22/4a6e24e07e33013b5e040ead9ecbf798.yottaa.net/v~4b.32f.0.0/tenantlogos/2919.png?yocs=D_NA_,
Kids Foot Locker,Monday to Thursday 10AM - 8PM***Friday to Saturday 10AM - 9PM***Sunday 12PM - 6PM,https://kidsfootlocker.t2bw9u.net/c/5536174/764038/11066,Store,Lower Level next to Zumiez,(512) 306-0195,https://cdn-fsly.yottaa.net/555a305b2bb0ac71b9002d22/4a6e24e07e33013b5e040ead9ecbf798.yottaa.net/v~4b.32f.0.0/tenantlogos/2968.png?yocs=D_NA_,
Knockout Wear,Monday to Thursday 10AM - 8PM***Friday to Saturday 10AM - 9PM***Sunday 12PM - 6PM,https://kowear.com/,Store,Upper Level Dillard's Wing next to ALDO,(512) 243-7822,https://cdn-fsly.yottaa.net/555a305b2bb0ac71b9002d22/4a6e24e07e33013b5e040ead9ecbf798.yottaa.net/v~4b.32f.0.0/tenantlogos/30975.png?yocs=D_NA_,
L'Amour Nails,Monday to Thursday 10AM - 8PM***Friday to Saturday 10AM - 9PM***Sunday 12PM - 6PM,http://lamournailsaustin.com/,Store,Upper Level Dillard's Wing next to JCPenney,(512) 327-3316,https://cdn-fsly.yottaa.net/555a305b2bb0ac71b9002d22/4a6e24e07e33013b5e040ead9ecbf798.yottaa.net/v~4b.32f.0.0/tenantlogos/3092.png?yocs=D_NA_,
LEGO Store,Monday to Thursday 10AM - 8PM***Friday to Saturday 10AM - 9PM***Sunday 12PM - 6PM***,http://www.lego.com/,Store,Upper Level Nordstrom Wing near Aveda,(512) 327-7100,https://cdn-fsly.yottaa.net/555a305b2bb0ac71b9002d22/4a6e24e07e33013b5e040ead9ecbf798.yottaa.net/v~4b.32f.0.0/tenantlogos/3554.png?yocs=D_NA_,
LensCrafters,Monday to Thursday 11AM - 7PM***Friday to Saturday 10AM - 8PM***Sunday 12PM - 6PM***,https://www.lenscrafters.com/,Store,Lower Level across from Old Navy,(512) 328-1220,https://cdn-fsly.yottaa.net/555a305b2bb0ac71b9002d22/4a6e24e07e33013b5e040ead9ecbf798.yottaa.net/v~4b.32f.0.0/tenantlogos/3560.png?yocs=D_NA_,
Lids,Monday to Saturday 11AM - 7PM***Sunday 12PM - 6PM,https://lids.7q8j.net/c/5536174/587280/9679,Store,Lower Level Elevator Court across from Starbucks,(512) 306-1021,https://cdn-fsly.yottaa.net/555a305b2bb0ac71b9002d22/4a6e24e07e33013b5e040ead9ecbf798.yottaa.net/v~4b.32f.0.0/tenantlogos/3579.png?yocs=D_NA_,
LOFT,Monday to Thursday 11AM - 7PM***Friday to Saturday 10AM - 7PM***Sunday 12PM - 6PM,https://www.loft.com/,Store,Lower Level Nordstrom Wing near J.Crew,(512) 732-2830,https://cdn-fsly.yottaa.net/555a305b2bb0ac71b9002d22/4a6e24e07e33013b5e040ead9ecbf798.yottaa.net/v~4b.32f.0.0/tenantlogos/257.png?yocs=D_NA_,
LoveSac,Monday to Thursday 10AM - 8PM***Friday to Saturday 10AM - 9PM***Sunday 12PM - 6PM,http://www.lovesac.com/,Store,Lower Level Nordstrom Wing next to Lululemon,(512) 668-9473,https://cdn-fsly.yottaa.net/555a305b2bb0ac71b9002d22/4a6e24e07e33013b5e040ead9ecbf798.yottaa.net/v~4b.32f.0.0/tenantlogos/7091.png?yocs=D_NA_,
Lovisa,Monday to Thursday 10AM - 8PM***Friday to Saturday 10AM - 9PM***Sunday 12PM - 6PM,http://www.lovisa.com/,Store,Upper Level next to Kay Jewelers,(512) 229-0483,https://cdn-fsly.yottaa.net/555a305b2bb0ac71b9002d22/4a6e24e07e33013b5e040ead9ecbf798.yottaa.net/v~4b.32f.0.0/tenantlogos/29480.png?yocs=D_NA_,
Lucky Brand,Monday to Thursday 10AM - 8PM***Friday to Saturday 10AM - 9PM***Sunday 12PM - 6PM,http://www.luckybrand.com/,Store,Lower Level Macy's Court next to Coach,(512) 329-0455,https://cdn-fsly.yottaa.net/555a305b2bb0ac71b9002d22/4a6e24e07e33013b5e040ead9ecbf798.yottaa.net/v~4b.32f.0.0/tenantlogos/3684.png?yocs=D_NA_,
lululemon,Monday to Thursday 10AM - 8PM***Friday to Saturday 10AM - 9PM***Sunday 12PM - 6PM,http://www.lululemon.com/,Store,Lower Level Nordstrom Wing across from Coach,(512) 329-5541,https://cdn-fsly.yottaa.net/555a305b2bb0ac71b9002d22/4a6e24e07e33013b5e040ead9ecbf798.yottaa.net/v~4b.32f.0.0/tenantlogos/14653.png?yocs=D_NA_,
Luxury Day Spa,Monday to Thursday 10AM - 8PM***Friday to Saturday 10AM - 9PM***Sunday 12PM - 6PM,https://luxurynailsdayspatx.com/,Store,Lower Level Nordstrom Wing next to Nordstrom,(512) 296-2698,https://cdn-fsly.yottaa.net/555a305b2bb0ac71b9002d22/4a6e24e07e33013b5e040ead9ecbf798.yottaa.net/v~4b.32f.0.0/tenantlogos/30331.png?yocs=D_NA_,
Macy*s,Monday to Thursday 10AM - 8PM***Friday to Saturday 10AM - 9PM***Sunday 12PM - 6PM,https://www.kqzyfj.com/click-101198361-15325469,Store,Anchor,(512) 329-2300,https://cdn-fsly.yottaa.net/555a305b2bb0ac71b9002d22/4a6e24e07e33013b5e040ead9ecbf798.yottaa.net/v~4b.32f.0.0/tenantlogos/3711.png?yocs=D_NA_,
Mall Management Office,Monday to Thursday 11AM - 5PM***Friday 10AM - 5PM***Saturday to Sunday Closed,,Store,Lower Level across from Old Navy,(512) 327-7041,https://cdn-fsly.yottaa.net/555a305b2bb0ac71b9002d22/4a6e24e07e33013b5e040ead9ecbf798.yottaa.net/v~4b.32f.0.0/tenantlogos/3750.png?yocs=D_NA_,
Man Outfitters,Monday to Thursday 10AM - 8PM***Friday to Saturday 10AM - 9PM***Sunday 12PM - 6PM,https://manoutfitters.com/,Store,Lower Level Dillard's Wing across from Apple,(512) 327-7041,https://cdn-fsly.yottaa.net/555a305b2bb0ac71b9002d22/4a6e24e07e33013b5e040ead9ecbf798.yottaa.net/v~4b.32f.0.0/tenantlogos/35275.png?yocs=D_NA_,
Marble Slab Creamery,Monday to Thursday 10AM - 8PM***Friday to Saturday 10AM - 9PM***Sunday 12PM - 6PM,https://www.marbleslab.com/,Restaurant,"
Upper Level Food Court near Chick-fil-A",(512) 327-0939,https://cdn-fsly.yottaa.net/555a305b2bb0ac71b9002d22/4a6e24e07e33013b5e040ead9ecbf798.yottaa.net/v~4b.32f.0.0/tenantlogos/3778.png?yocs=D_NA_,
Marc Robinson Jewelers,Monday to Thursday 10AM - 8PM***Friday to Saturday 10AM - 9PM***Sunday 12PM - 6PM,http://www.marcrobinsonjewelers.com/,Store,Upper Level Macy's Court next to Offline by Aerie,(512) 627-5133,https://cdn-fsly.yottaa.net/555a305b2bb0ac71b9002d22/4a6e24e07e33013b5e040ead9ecbf798.yottaa.net/v~4b.32f.0.0/tenantlogos/24825.png?yocs=D_NA_,
Men's Wearhouse,Monday to Saturday 11AM - 8PM***Sunday 12PM - 6PM,https://www.menswearhouse.com/,Store,Lower Level Dillard's Wing across from Champs,(512) 327-5771,https://cdn-fsly.yottaa.net/555a305b2bb0ac71b9002d22/4a6e24e07e33013b5e040ead9ecbf798.yottaa.net/v~4b.32f.0.0/tenantlogos/3873.png?yocs=D_NA_,
Michael Kors,Monday to Saturday 11AM - 7PM***Sunday 12PM - 6AM,https://www.michaelkors.com/,Store,Lower Level Macy's Court across from Oakley,(512) 329-5444,https://cdn-fsly.yottaa.net/555a305b2bb0ac71b9002d22/4a6e24e07e33013b5e040ead9ecbf798.yottaa.net/v~4b.32f.0.0/tenantlogos/11101.png?yocs=D_NA_,
Miss A,Monday to Thursday 10AM - 8PM***Friday to Saturday 10AM - 9PM***Sunday 12PM - 6PM,http://www.shopmissa.com/,Store,Upper Level near Auntie Anne's,(346) 550-3865,https://cdn-fsly.yottaa.net/555a305b2bb0ac71b9002d22/4a6e24e07e33013b5e040ead9ecbf798.yottaa.net/v~4b.32f.0.0/tenantlogos/26972.png?yocs=D_NA_,
Nordstrom,Monday to Saturday 10AM - 9PM***Sunday 11AM - 7PM,https://shop.nordstrom.com/,Store,Anchor,(512) 691-3500,https://cdn-fsly.yottaa.net/555a305b2bb0ac71b9002d22/4a6e24e07e33013b5e040ead9ecbf798.yottaa.net/v~4b.32f.0.0/tenantlogos/4217.png?yocs=D_NA_,
Nordstrom Alterations,Monday to Saturday 10AM - 9PM***Sunday 11AM - 7PM***,https://www.nordstrom.com/browse/services/alterations,Store,Anchor,(512) 691-3500,https://cdn-fsly.yottaa.net/555a305b2bb0ac71b9002d22/4a6e24e07e33013b5e040ead9ecbf798.yottaa.net/v~4b.32f.0.0/tenantlogos/logo-filler-services.jpg?yocs=D_NA_,
Nordstrom Bistro,Monday to Thursday 11AM - 7PM***Friday to Saturday 11AM - 8PM***Sunday 11AM - 6PM,https://www.nordstrom.com/store-details/united-states/tx/austin/nordstrom-barton-creek-square,Restaurant,Upper Level inside Nordstrom,(512) 691-3510,https://cdn-fsly.yottaa.net/555a305b2bb0ac71b9002d22/4a6e24e07e33013b5e040ead9ecbf798.yottaa.net/v~4b.32f.0.0/tenantlogos/21865.png?yocs=D_NA_,
Nordstrom Ebar,Monday to Saturday 9AM - 7:30PM***Sunday 10AM - 6PM,https://www.nordstrom.com/store-details/united-states/tx/austin/nordstrom-barton-creek-square,Restaurant,Lower Level inside Nordstrom,(512) 691-3511,https://cdn-fsly.yottaa.net/555a305b2bb0ac71b9002d22/4a6e24e07e33013b5e040ead9ecbf798.yottaa.net/v~4b.32f.0.0/tenantlogos/15682.png?yocs=D_NA_,
Oakley,Monday to Friday 11AM - 8PM***Saturday 10AM - 8PM***Sunday 12PM - 6PM,https://www.oakley.com/,Store,Lower Level Macy's Court next to Banana Republic,(512) 328-0203,https://cdn-fsly.yottaa.net/555a305b2bb0ac71b9002d22/4a6e24e07e33013b5e040ead9ecbf798.yottaa.net/v~4b.32f.0.0/tenantlogos/4267.png?yocs=D_NA_,
OChi Reflexology,Monday to Thursday 10AM - 8PM***Friday to Saturday 10AM - 9PM***Sunday 12PM - 6PM,,Store,Upper Level Dillards Wing next to Express,(718) 971-4437,https://cdn-fsly.yottaa.net/555a305b2bb0ac71b9002d22/4a6e24e07e33013b5e040ead9ecbf798.yottaa.net/v~4b.32f.0.0/tenantlogos/25527.png?yocs=D_NA_,
OFFLINE by Aerie,Monday to Thursday 11AM - 7PM***Friday 11AM - 8PM***Saturday 10AM - 9PM***Sunday 12PM - 6PM,https://storelocations.ae.com/us/tx/austin/2901-s-capital-of-texas.html,Store,Upper Level Nordstrom Wing next to Gap,(512) 541-3807,https://cdn-fsly.yottaa.net/555a305b2bb0ac71b9002d22/4a6e24e07e33013b5e040ead9ecbf798.yottaa.net/v~4b.32f.0.0/tenantlogos/32723.png?yocs=D_NA_,
Old Navy,Monday to Thursday 10AM - 8PM***Friday to Saturday 10AM - 9PM***Sunday 12PM - 6PM,http://www.oldnavy.com/,Store,Lower Level next to The Cheesecake Factory,(512) 328-0959,https://cdn-fsly.yottaa.net/555a305b2bb0ac71b9002d22/4a6e24e07e33013b5e040ead9ecbf798.yottaa.net/v~4b.32f.0.0/tenantlogos/4289.png?yocs=D_NA_,
Pacsun,Monday to Thursday 10AM - 8PM***Friday to Saturday 10AM - 9PM***Sunday 12PM - 6PM,https://www.dpbolvw.net/click-101198360-13982109,Store,Upper Level Nordstrom Wing near Hollister,(512) 306-9592,https://cdn-fsly.yottaa.net/555a305b2bb0ac71b9002d22/4a6e24e07e33013b5e040ead9ecbf798.yottaa.net/v~4b.32f.0.0/tenantlogos/4402.png?yocs=D_NA_,
Panda Express,Monday to Saturday 11AM - 7PM***Sunday 12PM - 6PM,https://www.pandaexpress.com/locations/tx/austin/2901-s-capitol-of-texas-hwy,Restaurant,Upper Level Food Court near Chick-FIl-A,(512) 306-1678,https://cdn-fsly.yottaa.net/555a305b2bb0ac71b9002d22/4a6e24e07e33013b5e040ead9ecbf798.yottaa.net/v~4b.32f.0.0/tenantlogos/4424.png?yocs=D_NA_,
Pandora,Monday to Thursday 11AM - 8:30PM***Friday to Saturday 10AM - 9PM***Sunday 12PM - 6PM,http://www.pandora.net/,Store,Lower Level Dillards Wing near Apple,(757) 204-7730,https://cdn-fsly.yottaa.net/555a305b2bb0ac71b9002d22/4a6e24e07e33013b5e040ead9ecbf798.yottaa.net/v~4b.32f.0.0/tenantlogos/17531.png?yocs=D_NA_,
Perfume Gallery,Monday to Thursday 10AM - 8PM***Friday to Saturday 10AM - 9PM***Sunday 12PM - 6PM,,Store,Upper Level near Vans,(757) 280-5665,https://cdn-fsly.yottaa.net/555a305b2bb0ac71b9002d22/4a6e24e07e33013b5e040ead9ecbf798.yottaa.net/v~4b.32f.0.0/tenantlogos/4510.png?yocs=D_NA_,
Pinkberry,Monday to Thursday 12PM - 7PM***Friday 12PM - 9PM***Saturday 11AM - 9PM***Sunday 12PM - 6PM,http://www.pinkberry.com/,Restaurant,Lower Level Macy's Court near Oakley,(512) 792-9110,https://cdn-fsly.yottaa.net/555a305b2bb0ac71b9002d22/4a6e24e07e33013b5e040ead9ecbf798.yottaa.net/v~4b.32f.0.0/tenantlogos/19383.png?yocs=D_NA_,
Pokemaniacs,Monday to Thursday 10AM - 8PM***Friday to Saturday 10AM - 9PM***Sunday 12PM - 6PM,https://clicktime.symantec.com/3GfsTmgkh38GQGvpQA5NzNo7Vc?u=https%3A%2F%2Fm.facebook.com%2FPokemaniacsLakelineMall%2F,Store,Upper Level Nordstrom Wing near Nordstrom,(512) 257-2510,https://cdn-fsly.yottaa.net/555a305b2bb0ac71b9002d22/4a6e24e07e33013b5e040ead9ecbf798.yottaa.net/v~4b.32f.0.0/tenantlogos/31378.png?yocs=D_NA_,
Polvos,Monday to Thursday 10AM - 8PM***Friday to Saturday 10AM - 9PM***Sunday 12PM - 6PM,https://polvosaustin.com/,Restaurant,Outer Ring Road across from JCPenney,(512) 744-6266,https://cdn-fsly.yottaa.net/555a305b2bb0ac71b9002d22/4a6e24e07e33013b5e040ead9ecbf798.yottaa.net/v~4b.32f.0.0/tenantlogos/logo-filler-dining.jpg?yocs=D_NA_,
Popeyes Chicken,Monday to Thursday 10AM - 8PM***Friday to Saturday 10AM - 9PM***Sunday 12PM - 6PM,http://www.popeyes.com/,Restaurant,Upper Level Food Court next to Panda Express,(757) 237-0527,https://cdn-fsly.yottaa.net/555a305b2bb0ac71b9002d22/4a6e24e07e33013b5e040ead9ecbf798.yottaa.net/v~4b.32f.0.0/tenantlogos/4646.png?yocs=D_NA_,
Press Play,Monday to Thursday 10AM - 8PM***Friday to Saturday 10AM - 9PM***Sunday 12PM - 6PM,,Store,Upper Level Nordstrom Wing next to Nordstrom,(512) 330-9654,https://cdn-fsly.yottaa.net/555a305b2bb0ac71b9002d22/4a6e24e07e33013b5e040ead9ecbf798.yottaa.net/v~4b.32f.0.0/tenantlogos/26017.png?yocs=D_NA_,
Pro Image Sports,Monday to Thursday 10AM - 8PM***Friday to Saturday 10AM - 9PM***Sunday 12PM - 6PM,,Store,Lower Level Dillards Wing next to Men's Wearhouse,(512) 243-8102,https://cdn-fsly.yottaa.net/555a305b2bb0ac71b9002d22/4a6e24e07e33013b5e040ead9ecbf798.yottaa.net/v~4b.32f.0.0/tenantlogos/24988.png?yocs=D_NA_,
RubyThai,Monday to Thursday 11AM - 8PM***Friday to Saturday 10AM - 9PM***Sunday 11AM - 6PM,http://www.irg168.com/rubythai.html,Restaurant,"Upper Level Food Court next to
SarkuJ apan",(512)306-9964,https://cdn-fsly.yottaa.net/555a305b2bb0ac71b9002d22/4a6e24e07e33013b5e040ead9ecbf798.yottaa.net/v~4b.32f.0.0/tenantlogos/17703.png?yocs=D_NA_,
Sarku Japan,Monday to Thursday 10AM - 8PM***Friday to Saturday 10AM - 9PM***Sunday 12PM - 6PM,http://www.sarkujapan.com/,Restaurant,Upper Level Food Court next to Four Brothers,(512) 717-4389,https://cdn-fsly.yottaa.net/555a305b2bb0ac71b9002d22/4a6e24e07e33013b5e040ead9ecbf798.yottaa.net/v~4b.32f.0.0/tenantlogos/4970.png?yocs=D_NA_,
Sephora,Monday to Thursday 10AM - 8PM***Friday to Saturday 10AM - 9PM***Sunday 12PM - 6PM,https://www.sephora.com/,Store,Upper Level Dillards Wing next to Windsor,(512) 327-4600,https://cdn-fsly.yottaa.net/555a305b2bb0ac71b9002d22/4a6e24e07e33013b5e040ead9ecbf798.yottaa.net/v~4b.32f.0.0/tenantlogos/5044.png?yocs=D_NA_,
Shoe Palace,Monday to Thursday 10AM - 8PM***Friday to Saturday 10AM - 9PM***Sunday 12PM - 6PM,http://www.shoepalace.com/,Store,Lower Level Dillards Wing near JCPenney,(512) 328-0900,https://cdn-fsly.yottaa.net/555a305b2bb0ac71b9002d22/4a6e24e07e33013b5e040ead9ecbf798.yottaa.net/v~4b.32f.0.0/tenantlogos/15684.png?yocs=D_NA_,
Simon Guest Services,Monday to Saturday 11AM - 7PM***Sunday 12PM - 6PM,,Store,Lower Level Macys Court,,https://cdn-fsly.yottaa.net/555a305b2bb0ac71b9002d22/4a6e24e07e33013b5e040ead9ecbf798.yottaa.net/v~4b.32f.0.0/tenantlogos/5160.png?yocs=D_NA_,
Skechers,Monday to Thursday 12PM - 6PM***Friday to Saturday 10AM - 6PM***Sunday 12PM - 6PM,http://www.skechers.com/default.jhtml?refid=over201&code=overfree,Store,Upper Level across from the Food Court,(512) 732-1882,https://cdn-fsly.yottaa.net/555a305b2bb0ac71b9002d22/4a6e24e07e33013b5e040ead9ecbf798.yottaa.net/v~4b.32f.0.0/tenantlogos/5174.png?yocs=D_NA_,
Smoothies Paradise Yogurt,Monday to Friday 11AM - 7PM***Saturday 11AM - 8PM***Sunday 12PM - 6PM,https://www.smoothiesparadise.com/,Restaurant,Lower Level across from The Cheesecake Factory,(512) 577-7701,https://cdn-fsly.yottaa.net/555a305b2bb0ac71b9002d22/4a6e24e07e33013b5e040ead9ecbf798.yottaa.net/v~4b.32f.0.0/tenantlogos/5200.png?yocs=D_NA_,
Snack Plus,Monday to Thursday 10AM - 8PM***Friday to Saturday 10AM - 9PM***Sunday 12PM - 6PM,,Store,Uoper Level across from the Food Court,,https://cdn-fsly.yottaa.net/555a305b2bb0ac71b9002d22/4a6e24e07e33013b5e040ead9ecbf798.yottaa.net/v~4b.32f.0.0/tenantlogos/logo-filler-bag.jpg?yocs=D_NA_,
Snatched Shapewear,Monday to Thursday 10AM - 8PM***Friday to Saturday 10AM - 9PM***Sunday 12PM - 6PM,https://snatchedshapewear.us/,Store,Lower Level Dillards Wing near Attic Salt,(512) 330-4365,https://cdn-fsly.yottaa.net/555a305b2bb0ac71b9002d22/4a6e24e07e33013b5e040ead9ecbf798.yottaa.net/v~4b.32f.0.0/tenantlogos/36152.png?yocs=D_NA_,
Sola Salons,Monday to Saturday 8AM - 6PM***Sunday Closed,https://www.solasalonstudios.com/locations/barton-creek,Store,Uper Level Nordstrom Wing next to Nordstrom,,https://cdn-fsly.yottaa.net/555a305b2bb0ac71b9002d22/4a6e24e07e33013b5e040ead9ecbf798.yottaa.net/v~4b.32f.0.0/tenantlogos/27819.png?yocs=D_NA_,
Soma Intimates,Monday to Thursday 10AM - 8PM***Friday to Saturday 10AM - 9PM***Sunday 12PM - 6PM,https://soma.sjv.io/c/5536174/1390200/16595,Store,Lower Level Nordstrom Wing near James Avery,(512) 329-5587,https://cdn-fsly.yottaa.net/555a305b2bb0ac71b9002d22/4a6e24e07e33013b5e040ead9ecbf798.yottaa.net/v~4b.32f.0.0/tenantlogos/14793.png?yocs=D_NA_,
Spencer Gifts,Monday to Thursday 10AM - 8PM***Friday to Saturday 10AM - 9PM***Sunday 12PM - 6PM,http://www.spencergifts.com/,Store,Lower Level next to AT&T,(800) 762-0419,https://cdn-fsly.yottaa.net/555a305b2bb0ac71b9002d22/4a6e24e07e33013b5e040ead9ecbf798.yottaa.net/v~4b.32f.0.0/tenantlogos/5269.png?yocs=D_NA_,
Spirit Halloween,Monday to Thursday 10AM - 8PM***Friday to Saturday 10AM - 9PM***Sunday 12PM - 6PM,https://www.spirithalloween.com/,Store,Lower Level Dillards Wing near Abercrombie & Fitch,,https://cdn-fsly.yottaa.net/555a305b2bb0ac71b9002d22/4a6e24e07e33013b5e040ead9ecbf798.yottaa.net/v~4b.32f.0.0/tenantlogos/30537.png?yocs=D_NA_,
Steve Madden,Monday to Thursday 10AM - 8PM***Friday to Saturday 10AM - 9PM***Sunday 12PM - 6PM,https://www.stevemadden.com/,Store,Lower Level Nordstrom Wing near Bath & Body Works,(512) 732-0778,https://cdn-fsly.yottaa.net/555a305b2bb0ac71b9002d22/4a6e24e07e33013b5e040ead9ecbf798.yottaa.net/v~4b.32f.0.0/tenantlogos/5344.png?yocs=D_NA_,
Sunglass Hut International,Monday to Thursday 10AM - 8PM***Friday to Saturday 10AM - 9PM***Sunday 12PM - 6PM,https://www.sunglasshut.com/,Store,Lower Level Dillards Wing near Champs,(512) 327-7450,https://cdn-fsly.yottaa.net/555a305b2bb0ac71b9002d22/4a6e24e07e33013b5e040ead9ecbf798.yottaa.net/v~4b.32f.0.0/tenantlogos/5850.png?yocs=D_NA_,
The B-12 Store,Monday to Tuesday 10AM - 7PM***Wednesday to Saturday 10AM - 8PM***Sunday 12PM - 6PM,https://www.theb12store.com/austin.html,Store,Upper Level next to Aveda,(737) 267-5094,https://cdn-fsly.yottaa.net/555a305b2bb0ac71b9002d22/4a6e24e07e33013b5e040ead9ecbf798.yottaa.net/v~4b.32f.0.0/tenantlogos/27670.png?yocs=D_NA_,
The Cheesecake Factory,Monday to Thursday 11AM - 10PM***Friday to Saturday 11AM - 11PM***Sunday 11AM - 10PM,http://www.thecheesecakefactory.com/,Restaurant,Lower Level across from the AMC Theater,(512) 330-9315,https://cdn-fsly.yottaa.net/555a305b2bb0ac71b9002d22/4a6e24e07e33013b5e040ead9ecbf798.yottaa.net/v~4b.32f.0.0/tenantlogos/5505.png?yocs=D_NA_,
The Children's Place,Monday to Thursday 10AM - 8PM***Friday to Saturday 10AM - 9PM***Sunday 12PM - 6PM,http://childrensplace.com/,Store,Upper Level Nordstrom Wing near Build-A-Bear Workshop,(512) 330-1750,https://cdn-fsly.yottaa.net/555a305b2bb0ac71b9002d22/4a6e24e07e33013b5e040ead9ecbf798.yottaa.net/v~4b.32f.0.0/tenantlogos/5506.png?yocs=D_NA_,
The Gift Solution,Monday to Saturday 11AM - 6PM***Sunday 12AM - 6PM,http://www.austinboutique.com/,Store,Lower Level Dillard's Wing next to Dillard's Women & Home,(512) 327-8717,https://cdn-fsly.yottaa.net/555a305b2bb0ac71b9002d22/4a6e24e07e33013b5e040ead9ecbf798.yottaa.net/v~4b.32f.0.0/tenantlogos/6066.png?yocs=D_NA_,
Tillys,Monday to Thursday 10AM - 8PM***Friday to Saturday 10AM - 9PM***Sunday 12PM - 6PM,https://www.tillys.com/,Store,Lower Level Dillards Wing next to Chico's,(512) 712-1170,https://cdn-fsly.yottaa.net/555a305b2bb0ac71b9002d22/4a6e24e07e33013b5e040ead9ecbf798.yottaa.net/v~4b.32f.0.0/tenantlogos/12596.png?yocs=D_NA_,
Totally Tea,Monday to Thursday 10AM - 8PM***Friday to Saturday 10AM - 9PM***Sunday 12PM - 6PM,http://thatbobatho.com/,Restaurant,Lower Level Macy's Court near Zales Jewelers,,https://cdn-fsly.yottaa.net/555a305b2bb0ac71b9002d22/4a6e24e07e33013b5e040ead9ecbf798.yottaa.net/v~4b.32f.0.0/tenantlogos/31915.png?yocs=D_NA_,
Toys RUs at Macy's,Monday to Thursday 10AM - 8PM***Friday to Saturday 10AM - 9PM***Sunday 12PM - 6PM,https://l.macys.com/austin-tx?cm_sp=localmacys-_-visitstorelink-_-_locator,Store,Anchor,(512) 329-2300,https://cdn-fsly.yottaa.net/555a305b2bb0ac71b9002d22/4a6e24e07e33013b5e040ead9ecbf798.yottaa.net/v~4b.32f.0.0/tenantlogos/34453.png?yocs=D_NA_,
Tradehome Shoes,Monday to Thursday 10AM - 8PM***Friday to Saturday 10AM - 9PM***Sunday 12PM - 6PM,http://www.tradehome.com/,Store,Upper Level Dillards Wing next to francesca's,(512) 294-2877,https://cdn-fsly.yottaa.net/555a305b2bb0ac71b9002d22/4a6e24e07e33013b5e040ead9ecbf798.yottaa.net/v~4b.32f.0.0/tenantlogos/6283.png?yocs=D_NA_,
Twisted Cork,Monday to Thursday 12PM - 7:30PM***Friday to Saturday 12PM - 8:30PM***Sunday 12PM - 5:30PM,https://www.twistedcork.wine/,Restaurant,Upper Level near the Food Court,(512) 518-3808,https://cdn-fsly.yottaa.net/555a305b2bb0ac71b9002d22/4a6e24e07e33013b5e040ead9ecbf798.yottaa.net/v~4b.32f.0.0/tenantlogos/30509.png?yocs=D_NA_,
Universe Jewelry,Monday to Thursday 10AM - 8PM***Friday to Saturday 10AM - 9PM***Sunday 12PM - 6PM,http://www.universejewelry.net/,Store,Upper Level Dillard's Wing near Dillards Men & Children,(512) 563-9555,https://cdn-fsly.yottaa.net/555a305b2bb0ac71b9002d22/4a6e24e07e33013b5e040ead9ecbf798.yottaa.net/v~4b.32f.0.0/tenantlogos/31835.png?yocs=D_NA_,
USA Toy,Monday to Thursday 10AM - 8PM***Friday to Saturday 10AM - 9PM***Sunday 12PM - 6PM,https://www.usatoyfactory.com/,Store,Upper Level near Vans,(512) 428-5494,https://www.usatoyfactory.com/,
Vans,Monday to Thursday 10AM - 8PM***Friday to Saturday 10AM - 9PM***Sunday 12PM - 6PM,https://www.vans.com/en-us,Store,Upper Level across fromJD Sports,(512) 306-0738,https://cdn-fsly.yottaa.net/555a305b2bb0ac71b9002d22/4a6e24e07e33013b5e040ead9ecbf798.yottaa.net/v~4b.32f.0.0/tenantlogos/6445.png?yocs=D_NA_,
Victoria's Secret,Monday to Thursday 10AM - 8PM***Friday to Saturday 10AM - 9PM***Sunday 12PM - 6PM,http://www.victoriassecret.com/,Store,Upper Level Dillard's Wing next to Helzberg Diamonds,(512) 306-0749,https://cdn-fsly.yottaa.net/555a305b2bb0ac71b9002d22/4a6e24e07e33013b5e040ead9ecbf798.yottaa.net/v~4b.32f.0.0/tenantlogos/5526.png?yocs=D_NA_,
Villa Fresh Italian Kitchen,Monday to Thursday 10AM - 8PM***Friday to Saturday 10AM - 9PM***Sunday 12PM - 6PM,https://www.villaitaliankitchen.com/,Restaurant,Upper Level Food Court near Sarku Japan,(512) 328-9927,https://cdn-fsly.yottaa.net/555a305b2bb0ac71b9002d22/4a6e24e07e33013b5e040ead9ecbf798.yottaa.net/v~4b.32f.0.0/tenantlogos/12756.png?yocs=D_NA_,
Warby Parker,Monday to Saturday 11AM - 7PM***Sunday 12PM - 6PM,http://www.warbyparker.com/,Store,Lower Level Nordstrom Wing next to Altar'd State,(737) 214-1782,https://cdn-fsly.yottaa.net/555a305b2bb0ac71b9002d22/4a6e24e07e33013b5e040ead9ecbf798.yottaa.net/v~4b.32f.0.0/tenantlogos/28709.png?yocs=D_NA_,
Wetzel's Pretzels,Monday to Thursday 10AM - 8PM***Friday to Saturday 10AM - 9PM***Sunday 12PM - 6PM,http://www.wetzels.com/,Restaurant,Lower Level near Foot Locker,,https://cdn-fsly.yottaa.net/555a305b2bb0ac71b9002d22/4a6e24e07e33013b5e040ead9ecbf798.yottaa.net/v~4b.32f.0.0/tenantlogos/6580.png?yocs=D_NA_,
Windsor,Monday to Thursday 10AM - 8PM***Friday to Saturday 10AM - 9PM***Sunday 12PM - 6PM,http://www.windsorstore.com/,Store,Upper Level Dillard's Wing next to Sephora,(888) 495-4957,https://cdn-fsly.yottaa.net/555a305b2bb0ac71b9002d22/4a6e24e07e33013b5e040ead9ecbf798.yottaa.net/v~4b.32f.0.0/tenantlogos/14572.png?yocs=D_NA_,
Wonder World,Monday to Thursday 10AM - 8PM***Friday to Saturday 10AM - 9PM***Sunday 12PM - 6PM,https://goretailgroup.com/,Store,Lower Level Nordstrom Wing across from Warby Parker,,https://cdn-fsly.yottaa.net/555a305b2bb0ac71b9002d22/4a6e24e07e33013b5e040ead9ecbf798.yottaa.net/v~4b.32f.0.0/tenantlogos/18146.png?yocs=D_NA_,
Zagg Invisible Shield,Monday to Thursday 10AM - 8PM***Friday to Saturday 10AM - 9PM***Sunday 12PM - 6PM,http://www.zagg.com/,Store,Lower Level Dillards Wing across fromApde,(512) 839-6859,https://cdn-fsly.yottaa.net/555a305b2bb0ac71b9002d22/4a6e24e07e33013b5e040ead9ecbf798.yottaa.net/v~4b.32f.0.0/tenantlogos/18146.png?yocs=D_NA_,
Zales Jewelers,Monday to Thursday 11AM - 7PM***Friday to Saturday 11AM - 8PM***Sunday 12PM - 6PM,https://www.zales.com/,Store,Lower Level Macy's Court next to Lululemon,(512) 327-0356,https://cdn-fsly.yottaa.net/555a305b2bb0ac71b9002d22/4a6e24e07e33013b5e040ead9ecbf798.yottaa.net/v~4b.32f.0.0/tenantlogos/15.png?yocs=D_NA_,
Zumiez,Monday to Thursday 10AM - 8PM***Friday to Saturday 10AM - 9PM***Sunday 12PM - 6PM,http://www.zumiez.com/,Store,Lower Level near Lucky Brand,(512) 306-1705,https://cdn-fsly.yottaa.net/555a305b2bb0ac71b9002d22/4a6e24e07e33013b5e040ead9ecbf798.yottaa.net/v~4b.32f.0.0/tenantlogos/6712.png?yocs=D_NA_,